url,scope_hint,include_keywords,exclude_keywords,depth,lang,login_required,notes
http://carnegie-mec.org/about/employment?lang=en					EN	no	
http://eeas.europa.eu/delegations/un_geneva/about_us/vacancies/index_en.htm					EN	no	
http://en.academicpositions.nl/find-jobs/?s&mainfields%5B0%5D=law					EN	no	
http://jobs.stadtluzern.ch/					DE	no	
http://www.asser.nl/about-the-institute/jobs-opportunities/					EN	no	
http://www.coe.int/t/jobs/traineeship_fr.asp					EN	no	
http://www.css.ethz.ch/en/center/open-positions.html					EN	no	
http://www.dcaf.ch/About-Us/Vacancies					DE	no	
http://www.dialogueadvisorygroup.com/contact/vacancies/					EN	no	
http://www.eda.admin.ch/eda/de/home/dfa/jobs/jobint/trainf.html					DE	no	
http://www.eda.admin.ch/eda/fr/home/dfa/jobs/jobdfa/jobvol.html					FR	no	
http://www.eda.admin.ch/etc/medialib/downloads/edazen/dfa/jobs/learn.Par.0009.File.tmp/FLYER%20STAGES%20ACADEMIQUES.pdf					DE	no	
http://www.foraus.ch/#!/services/offene-stellen					DE	no	
http://www.ilo.org/global/about-the-ilo/employment-opportunities/lang--fr/index.htm					EN	no	
http://www.sofeminine.co.uk/sex-sexuality/sex-positions-for-a-large-penis-d49853c582621.html					EN	no	
http://www.stelle.admin.ch/berufseinstieg/00607/index.html?lang=fr					DE	no	
http://www.unidir.org/about/vacancies					EN	no	
http://www.veloagenda.ch/Werkstatt/Umwerfer/umwerfer.htm					DE	no	
https://algorithmwatch.ch/de/jobs/					DE	no	
https://career5.successfactors.eu/career?company=ICRCPROD&career_ns=job_listing_summary&navBarLevel=JOB_SEARCH&_s.crb=pqwOfyaiOL8djQPQcor4Bo4%2f6zA%3d					EN	no	
https://careers.blackrock.com/job-search-results?parent_category=Legal%20%26%20Compliance&addtnl_categories=Europe%2C%20Middle%20East%20and%20Africa					EN	no	
https://careers.google.com/jobs/results/?company=Google&company=YouTube&hl=en&jlo=en-US&location=Z%C3%BCrich,%20Switzerland					EN	no	
https://careers.un.org/lbw/home.aspx?viewtype=NCE&lang=en-US					EN	no	
https://content.jobagent.ch/Karriere/praktikainternational_informationen.pdf					DE	no	
https://erecruit.upu.int/public/index.asp					EN	no	
https://erecruitment.wto.org/public/hrd-cl-vac-view.asp?jobinfo_uid_c=3475&vaclng=en					EN	no	
https://eygbl.referrals.selectminds.com/experienced-opportunities/jobs/search/102603216					EN	no	
https://grunliberale.ch/jobs.html					DE	no	
https://iiim.un.org/jobs/					EN	no	
https://jobs.efta.int/wd/plsql/wd_portal.list?p_web_site_id=564&p_function=map&p_title=Current%20Vacancies					EN	no	
https://jobs.redcross.ch/					DE	no	
https://jobs.redcross.ch/fr					FR	no	
https://jobs.ubs.com/TGnewUI/Search/Home/HomeWithPreLoad?partnerid=25008&siteid=5131&PageType=searchResults&SearchType=linkquery#advancedSearch&keyWordSearch=&locationSearch=					EN	no	
https://jobs.ubs.com/tgwebhost/jobdetails.aspx?SID=%5e15Cv2AyBrjaiClps4UxP5FD_slp_rhc_4e9oy0G_slp_rhc_Puh%2fBLfWNkiSNx8NP3uLnLmHff36EHnD&jobId=129266&type=search&JobReqLang=1&recordstart=1&JobSiteId=5028&JobSiteInfo=129266_5028&GQId=1128					EN	no	
https://juliusbaer.wd3.myworkdayjobs.com/External/1/refreshFacet/318c8bb6f553100021d223d9780d30be					EN	no	
https://juliusbaer.wd3.myworkdayjobs.com/External/10/refreshFacet/318c8bb6f553100021d223d9780d30be					EN	no	
https://ldn.tbe.taleo.net/ldn01/ats/careers/v2/searchResults?org=WORLD&cws=40					EN	no	
https://lu.grunliberale.ch/personen/jobs.html					DE	no	
https://medecinssansfrontieressuisse.recruitee.com/					EN	no	
https://oecd.taleo.net/careersection/ext/joblist.ftl					EN	no	
https://personal.lu.ch/Offene_Stellen/verwaltung					DE	no	
https://recruitingapp-2630.umantis.com/SelfService/MyProfile					EN	no	
https://recruitment.oxfam.org/Vacancy.aspx?MenuID=6Dqy3cKIDOg=					EN	no	
https://syndicom.ch/ueberuns/offene-stellen/					DE	no	
https://syngenta.taleo.net/careersection/spain/jobsearch.ftl?lang=en&radiusType=K&location=10705120535&searchExpanded=true&radius=1&Portal=101430233#					EN	no	
https://threema.ch/en/jobs#openings					EN	no	
https://unjobs.org/non-un-organizations/icrc					EN	no	
https://unjobs.org/offices/ifrc_gva					EN	no	
https://unjobs.org/offices/msf_gva					EN	no	
https://unjobs.org/offices/ohchr_gva					EN	no	
https://unjobs.org/offices/unhcr_gva					EN	no	
https://unjobs.org/offices/unog_gva					EN	no	
https://unjobs.org/offices/world-economic-forum_gva					EN	no	
https://unjobs.org/offices/wto_gva					EN	no	
https://unjobs.org/organizations					EN	no	
https://unjobs.org/organizations/icc					EN	no	
https://unjobs.org/organizations/opcw					EN	no	
https://wfw.ch/ueber-uns/stellen#/					DE	no	
https://www.12tree.de/careers					DE	no	
https://www.aicrowd.com/jobs					EN	no	
https://www.ate.ch/portrait-de-late/jobs/					DE	no	
https://www.avenir-suisse.ch/offene%20stellen/					DE	no	
https://www.bustle.com/articles/127196-7-best-ffm-threesome-sex-positions-because-3-is-a-hot-crowd					EN	no	
https://www.bustle.com/articles/134075-6-best-mmf-threesome-sex-positions-because-two-men-are-better-than-one					EN	no	
https://www.caritas.ch/de/wer-wir-sind/organisation/caritas-schweiz/offene-stellen.html					DE	no	
https://www.caritas.ch/en/who-we-are/organisation/caritas-switzerland/vacancies.html					EN	no	
https://www.clingendael.org/careers					EN	no	
https://www.coe-recruitment.com/index.aspx					EN	no	
https://www.coe-recruitment.com/index.aspx?temps=true&Lang=en					EN	no	
https://www.credit-suisse.com/ch/en/careers/campus-recruiting/meta/modal/locations/apply-now-switzerland.html/popup/popup					EN	no	
https://www.dcaf.ch/work-with-us					DE	no	
https://www.eda.admin.ch/countries/germany/de/home/aktuell/stellen.html					DE	no	
https://www.eda.admin.ch/eda/de/home/aussenpolitik/frieden-menschenrechte/expertenpool-fuerzivilefriedensfoerderung/stellenangebote-expertenpool.html					DE	no	
https://www.eda.admin.ch/eda/de/home/aussenpolitik/menschenrechte-menschliche-sicherheit/expertenpool-fuerzivilefriedensfoerderung/stellenangebote-expertenpool.html					DE	no	
https://www.eda.admin.ch/missions/mission-new-york/en/home/job-vacancies.html					EN	no	
https://www.eda.admin.ch/missions/mission-onu-geneve/en/home/travailler-pour-la-mission/postes-vacants.html					EN	no	
https://www.facebook.com/groups/1590681431209526/?multi_permalinks=1903769319900734&notif_t=group_activity&notif_id=1498256363668426					EN	no	
https://www.facebook.com/humanrightsinternships/?ref=br_rs					EN	no	
https://www.finma.ch/de/finma/arbeiten-bei-der-finma/offene-stellen/					DE	no	
https://www.furrerhugi.ch/de-ch/agentur					DE	no	
https://www.hdcentre.org/jobs/					EN	no	
https://www.icj.org/about/jobs/					EN	no	
https://www.iiss.org/en/about-s-us/careers					EN	no	
https://www.intersos.org/en/work-with-us/field/?fbclid=IwAR17NyCnJ06EB4E19VkK33mHikcjhM6srukrIUZdMH67JA2PWbjX0-79hO0#intersosorg-vacancies/					EN	no	
https://www.lalive.law/careers/					EN	no	
https://www.linkedin.com/company/ethixinnovation/jobs/					EN	no	
https://www.linkedin.com/jobs2/view/74302759?trk=rj_jshp&refId=86506a22-efb5-44ac-ad38-f4d4594c3d34					EN	no	
https://www.linkedin.com/jobs2/view/76622852?trk=rj_jshp&refId=86506a22-efb5-44ac-ad38-f4d4594c3d34					EN	no	
https://www.linkedin.com/jobs2/view/77920277?trk=rj_jshp&refId=86506a22-efb5-44ac-ad38-f4d4594c3d34					EN	no	
https://www.linkedin.com/pulse/why-seeking-new-opportunities-should-never-your-linkedin-simon-gray/					EN	no	
https://www.lonza.com/careers/job-search?q=*&rows=100&job_posting_family_s=Legal&job_posting_family_s=Regulatory+Affairs&job_posting_location_s=Switzerland%2c+Visp&job_posting_location_s=Switzerland%2c+Stein&job_posting_location_s=Switzerland%2c+Basel					EN	no	
https://www.manpower.ch/de/bewerber/erfolgreich-bewerben/die-professionelle-bewerbungsmappe/lebenslauf/der-inhalt-des-lebenslaufs/					DE	no	
https://www.matrixlaw.co.uk/recruitment/vacancies/					EN	no	
https://www.mckinsey.com/careers/search-jobs#?countries=Switzerland&interest=Consulting					EN	no	
https://www.mckinsey.com/careers/search-jobs#?interest=Risk%20%26%20Compliance&interest=Legal					EN	no	
https://www.medecinsdumonde.org/fr/recrutement/offres?tid=All&tid_2=2					FR	no	
https://www.msf.ch/en/work-with-us/at-headquarters#job-offers-open					EN	no	
https://www.nord-stream2.com/company/careers/					EN	no	
https://www.nurembergacademy.org/about-us/job-offers-and-calls-for-tenders/					EN	no	
https://www.oxfam.org/en/take-action/jobs/affiliates?field_location_value=&page=1					EN	no	
https://www.pro-velo.ch/de/in-ihrer-region/geschaeftsstelle/offene-stellen					DE	no	
https://www.pro-velo.ch/de/ueber-uns/geschaeftsstelle/offene-stellen/					DE	no	
https://www.pro-velo.ch/fr/pro-velo/secretariat/offres-demploi/					FR	no	
https://www.redcross.ch/de/jobs-im-ausland					DE	no	
https://www.redcross.ch/de/jobs-im-inland					DE	no	
https://www.roche.com/careers/jobs/jobsearch.htm?jobFunctionCodes=JG0008&countryCodes=CH					EN	no	
https://www.roche.com/careers/jobs/jobsearch.htm?keywords=&countryCodes=&jobFunctionCodes=JG0003&jobLevelCodes=					EN	no	
https://www.scp-ks.org/en/employment/calls-contributions-cfc-vacancies					EN	no	
https://www.sgb.ch/der-sgb/offene-stellen					DE	no	
https://www.sipri.org/about/vacancies					EN	no	
https://www.skmr.ch/de/skmr/stellen/index.html					DE	no	
https://www.snb.ch/de/ifor/job/id/job_openings					DE	no	
https://www.staatslabor.ch/en/staatslabor/jobs-0					EN	no	
https://www.stadt-kriens.ch/politik-und-verwaltung/stellen/offene-stellen.page/59					DE	no	
https://www.stelle.admin.ch/stelle/de/home/stellen/stellenangebot.html					DE	no	
https://www.stelle.admin.ch/stelle/de/home/stellen/wie-bewerben-/bewerbungstipps.html					DE	no	
https://www.stl-tsl.org/en/employment					EN	no	
https://www.swisscontact.org/en/about-us/jobs.html					EN	no	
https://www.swisspeace.ch/about-us/jobs/					DE	no	
https://www.swp-berlin.org/karriere#c3170					EN	no	
https://www.swp-berlin.org/ueber-uns/stellen-und-praktika/stellen/					EN	no	
https://www.unia.ch/de/ueber-uns/offene-stellen					DE	no	
https://www.unitad.un.org/content/vacancies					EN	no	
https://www.verkehrsclub.ch/ueber-den-vcs/jobs/					DE	no	
https://wwwi.unige.ch/BureauPlacementBPOffres/docoffre?id=154586&userid=SSCSPRD&hashkey=E1E4E4BFDBF27A0DEC14352957FEB0CBDFF9F199					DE	no	
